;Município;Analfab.;Lê e Escreve;1º Grau Incomp.;1º Grau Comp.;2º Grau Incomp.;2º Grau Comp.;Superior Incomp.;Superior Comp.;Não Inf.;Total
0;ABDON BATISTA;76.0;232.0;885;223.0;295.0;445;84.0;183.0;0;2.423
1;ABELARDO LUZ;775.0;1.111;3.840;1.036;1.8;2.294;627.0;1.136;0;12.619
2;AGROLÂNDIA;128.0;1.011;2.223;882.0;1.493;1.499;256.0;388.0;0;7.880
3;AGRONÔMICA;49.0;105.0;1.665;405.0;484.0;980;216.0;438.0;0;4.342
4;ÁGUA DOCE;195.0;298.0;2.046;465.0;980.0;785;200.0;398.0;0;5.367
5;ÁGUAS DE CHAPECÓ;300.0;645.0;1.454;447.0;437.0;878;214.0;340.0;0;4.715
6;ÁGUAS FRIAS;44.0;156.0;882;228.0;221.0;529;126.0;288.0;0;2.474
7;ÁGUAS MORNAS;50.0;157.0;2.406;649.0;592.0;1.290;263.0;362.0;0;5.769
8;ALFREDO WAGNER;333.0;837.0;2.680;740.0;628.0;1.162;327.0;464.0;0;7.171
9;ALTO BELA VISTA;16.0;93.0;722;174.0;162.0;440;80.0;213.0;0;1.900
10;ANCHIETA;90.0;226.0;1.882;408.0;512.0;1.095;248.0;441.0;0;4.902
11;ANGELINA;118.0;514.0;1.847;520.0;524.0;856;158.0;334.0;0;4.871
12;ANITA GARIBALDI;417.0;553.0;2.534;602.0;999.0;1.443;279.0;580.0;0;7.407
13;ANITÁPOLIS;61.0;108.0;1.396;222.0;388.0;515;115.0;202.0;0;3.007
14;ANTÔNIO CARLOS;36.0;166.0;2.637;885.0;1.031;1.948;482.0;741.0;0;7.926
15;APIÚNA;164.0;894.0;3.090;811.0;1.361;1.222;233.0;272.0;0;8.047
16;ARABUTÃ;54.0;528.0;1.159;323.0;331.0;900;140.0;381.0;1;3.817
17;ARAQUARI;507.0;910.0;6.038;2.9219999999999997;3.488;6.376;798.0;1.581;0;22.620
18;ARARANGUÁ;924.0;2.46;13.117;5.001;8.357000000000001;11.849;3.088;5.785;0;50.581
19;ARMAZÉM;73.0;390.0;2.256;681.0;1.244;1.132;259.0;383.0;0;6.418
20;ARROIO TRINTA;70.0;134.0;1.167;270.0;279.0;712;181.0;396.0;0;3.209
21;ARVOREDO;138.0;171.0;703;275.0;288.0;524;117.0;231.0;0;2.447
22;ASCURRA;120.0;241.0;2.477;661.0;1.042;1.113;227.0;271.0;0;6.152
23;ATALANTA;53.0;84.0;1.019;323.0;287.0;702;138.0;293.0;0;2.899
24;AURORA;26.0;79.0;2.080;497.0;574.0;1.125;192.0;488.0;0;5.061
25;BALNEÁRIO ARROIO DO SILVA;193.0;300.0;3.178;1.173;1.4169999999999998;2.821;663.0;1.135;0;10.880
26;BALNEÁRIO BARRA DO SUL;164.0;475.0;2.668;1.5490000000000002;1.2819999999999998;2.765;441.0;1.0590000000000002;0;10.403
27;BALNEÁRIO CAMBORIÚ;360.0;765.0;10.826;6.657;7.966;26.088;11.815999999999999;25.969;0;90.447
28;BALNEÁRIO GAIVOTA;264.0;411.0;3.220;1.018;1.624;1.858;395.0;618.0;0;9.408
29;BALNEÁRIO PIÇARRAS;205.0;283.0;3.555;1.585;1.9269999999999998;4.569;1.4369999999999998;2.528;0;16.089
30;BALNEÁRIO RINCÃO;198.0;353.0;4.353;1.411;1.5959999999999999;2.707;571.0;991.0;0;12.180
31;BANDEIRANTE;79.0;119.0;1.247;262.0;324.0;611;83.0;166.0;0;2.891
32;BARRA BONITA;87.0;99.0;764;169.0;173.0;372;52.0;149.0;0;1.865
33;BARRA VELHA;521.0;948.0;6.434;2.583;3.67;6.545;1.3519999999999999;2.707;0;24.760
34;BELA VISTA DO TOLDO;159.0;771.0;1.495;511.0;748.0;1.036;131.0;228.0;0;5.079
35;BELMONTE;86.0;112.0;957;177.0;259.0;522;93.0;208.0;0;2.414
36;BENEDITO NOVO;90.0;93.0;3.540;956.0;1.0070000000000001;1.772;250.0;493.0;0;8.201
37;BIGUAÇU;562.0;1.9480000000000002;13.231;5.066;6.815;14.034;3.5380000000000003;4.526;0;49.720
38;BLUMENAU;837.0;1.814;50.409;26.014;30.345;64.938;25.651999999999997;47.005;0;247.014
39;BOCAINA DO SUL;113.0;188.0;1.129;288.0;305.0;694;142.0;268.0;0;3.127
40;BOM JARDIM DA SERRA;148.0;497.0;1.226;369.0;581.0;467;124.0;181.0;0;3.593
41;BOM JESUS;110.0;215.0;711;202.0;289.0;601;128.0;227.0;0;2.483
42;BOM JESUS DO OESTE;72.0;132.0;691;154.0;169.0;371;74.0;212.0;0;1.875
43;BOM RETIRO;264.0;346.0;2.314;557.0;594.0;1.236;335.0;625.0;0;6.271
44;BOMBINHAS;140.0;363.0;3.678;1.429;2.526;3.778;1.208;1.808;0;14.930
45;BOTUVERÁ;50.0;123.0;1.878;393.0;339.0;933;177.0;295.0;0;4.188
46;BRAÇO DO NORTE;337.0;1.778;6.509;2.428;4.669;4.796;1.2919999999999998;2.276;1;24.086
47;BRAÇO DO TROMBUDO;61.0;109.0;864;370.0;290.0;850;139.0;275.0;0;2.958
48;BRUNÓPOLIS;112.0;204.0;1.068;276.0;325.0;492;91.0;185.0;0;2.753
49;BRUSQUE;296.0;615.0;21.819;9.311;9.427;25.536;6.9079999999999995;13.728;0;87.640
50;CAÇADOR;1.7269999999999999;4.111000000000001;15.987;5.276;8.432;8.820;3.227;4.93;0;52.510
51;CAIBI;120.0;297.0;1.881;434.0;726.0;817;209.0;381.0;0;4.865
52;CALMON;244.0;427.0;1.063;302.0;371.0;462;113.0;176.0;0;3.158
53;CAMBORIÚ;632.0;1.1;13.840;5.569;6.502000000000001;14.053;4.195;5.431;0;51.322
54;CAMPO ALEGRE;176.0;573.0;3.325;1.0490000000000002;1.361;2.137;254.0;713.0;0;9.588
55;CAMPO BELO DO SUL;392.0;611.0;2.139;473.0;891.0;933;174.0;300.0;0;5.913
56;CAMPO ERÊ;475.0;688.0;1.809;540.0;795.0;1.648;337.0;804.0;0;7.096
57;CAMPOS NOVOS;798.0;1.83;7.936;2.494;3.79;5.193;1.222;2.68;0;25.943
58;CANELINHA;407.0;600.0;3.277;879.0;1.5230000000000001;1.473;368.0;524.0;0;9.051
59;CANOINHAS;828.0;3.3489999999999998;9.447;4.675;5.6;11.066;2.403;4.5169999999999995;0;41.885
60;CAPÃO ALTO;91.0;199.0;1.005;247.0;335.0;635;116.0;269.0;0;2.897
61;CAPINZAL;324.0;471.0;5.361;1.6780000000000002;2.101;4.092;973.0;1.855;0;16.855
62;CAPIVARI DE BAIXO;96.0;679.0;4.628;1.9669999999999999;3.23;4.377;1.036;1.318;0;17.331
63;CATANDUVAS;250.0;736.0;2.352;615.0;1.08;1.687;461.0;973.0;0;8.154
64;CAXAMBU DO SUL;329.0;516.0;1.198;401.0;495.0;867;190.0;406.0;0;4.402
65;CELSO RAMOS;73.0;161.0;889;218.0;342.0;539;57.0;239.0;0;2.518
66;CERRO NEGRO;206.0;469.0;1.161;253.0;385.0;517;94.0;134.0;0;3.219
67;CHAPADÃO DO LAGEADO;37.0;58.0;1.033;257.0;255.0;581;99.0;195.0;0;2.515
68;CHAPECÓ;2.9;7.426;34.855;14.262;27.197;32.657;11.015;20.908;0;151.220
69;COCAL DO SUL;96.0;749.0;3.549;1.262;2.294;3.722;786.0;1.348;0;13.806
70;CONCÓRDIA;807.0;5.351;12.706;5.419;9.346;13.825;3.678;7.056;1;58.189
71;CORDILHEIRA ALTA;72.0;278.0;1.181;409.0;383.0;954;204.0;473.0;0;3.954
72;CORONEL FREITAS;250.0;701.0;2.828;787.0;1.348;1.283;320.0;594.0;1;8.112
73;CORONEL MARTINS;36.0;115.0;739;151.0;215.0;463;82.0;184.0;0;1.985
74;CORREIA PINTO;357.0;1.3719999999999999;3.714;1.013;2.32;1.995;406.0;536.0;0;11.713
75;CORUPÁ;69.0;265.0;3.053;1.547;1.187;3.360;461.0;1.09;0;11.032
76;CRICIÚMA;1.275;3.4819999999999998;36.762;15.432;29.24;32.867;10.174;17.137999999999998;1;146.371
77;CUNHA PORÃ;41.0;165.0;3.133;749.0;796.0;1.932;550.0;984.0;0;8.350
78;CUNHATAÍ;51.0;289.0;462;152.0;155.0;397;81.0;159.0;0;1.746
79;CURITIBANOS;1.8980000000000001;1.306;9.128;2.7710000000000004;5.439;5.649;1.81;2.842;0;30.843
80;DESCANSO;116.0;578.0;2.479;530.0;996.0;1.392;276.0;573.0;0;6.940
81;DIONÍSIO CERQUEIRA;756.0;1.943;2.967;919.0;2.105;1.654;450.0;763.0;1;11.558
82;DONA EMMA;19.0;87.0;1.293;379.0;452.0;628;105.0;202.0;0;3.165
83;DOUTOR PEDRINHO;29.0;35.0;1.320;379.0;391.0;547;82.0;181.0;0;2.964
84;ENTRE RIOS;206.0;147.0;1.137;277.0;487.0;505;56.0;159.0;0;2.974
85;ERMO;47.0;129.0;669;183.0;248.0;505;111.0;233.0;0;2.125
86;ERVAL VELHO;95.0;308.0;1.305;384.0;442.0;788;218.0;440.0;0;3.980
87;FAXINAL DOS GUEDES;385.0;623.0;2.311;880.0;1.099;2.125;428.0;874.0;0;8.725
88;FLOR DO SERTÃO;67.0;97.0;676;149.0;157.0;343;51.0;144.0;0;1.684
89;FLORIANÓPOLIS;1.117;3.3160000000000003;36.945;24.096;33.403;97.903;43.33;116.939;0;357.049
90;FORMOSA DO SUL;127.0;137.0;855;179.0;226.0;462;108.0;285.0;0;2.379
91;FORQUILHINHA;198.0;954.0;6.934;1.94;4.1930000000000005;3.815;727.0;933.0;0;19.694
92;FRAIBURGO;1.319;1.505;7.287;2.887;3.324;6.436;1.895;3.097;0;27.750
93;FREI ROGÉRIO;215.0;90.0;639;225.0;226.0;512;121.0;222.0;0;2.250
94;GALVÃO;82.0;120.0;986;206.0;293.0;578;100.0;309.0;0;2.674
95;GAROPABA;546.0;1.5530000000000002;4.509;1.454;3.1689999999999996;4.055;1.376;2.3609999999999998;0;19.023
96;GARUVA;125.0;339.0;3.153;1.205;1.521;3.094;503.0;852.0;0;10.792
97;GASPAR;480.0;1.238;14.039;5.805;6.968;10.741;3.21;4.957;0;47.438
98;GOVERNADOR CELSO RAMOS;197.0;618.0;4.004;1.35;1.7530000000000001;4.112;862.0;1.203;0;14.099
99;GRÃO-PARÁ;92.0;416.0;1.972;661.0;614.0;1.142;234.0;505.0;0;5.636
100;GRAVATAL;89.0;752.0;2.662;880.0;1.653;1.646;481.0;663.0;0;8.826
101;GUABIRUBA;72.0;95.0;5.403;1.845;1.399;4.057;764.0;1.492;0;15.127
102;GUARACIABA;164.0;462.0;3.294;907.0;696.0;2.001;394.0;1.013;0;8.931
103;GUARAMIRIM;497.0;1.391;7.185;3.48;5.379;8.626;1.6159999999999999;2.416;0;30.590
104;GUARUJÁ DO SUL;107.0;617.0;1.099;375.0;507.0;824;173.0;336.0;0;4.038
105;GUATAMBÚ;240.0;429.0;1.506;546.0;707.0;1.475;263.0;483.0;0;5.649
106;HERVAL D'OESTE;442.0;1.329;4.608;1.38;2.991;3.365;933.0;1.4969999999999999;0;16.545
107;IBIAM;29.0;26.0;779;127.0;175.0;344;91.0;201.0;0;1.772
108;IBICARÉ;42.0;101.0;1.294;242.0;329.0;592;140.0;250.0;0;2.990
109;IBIRAMA;121.0;400.0;5.207;1.83;2.076;3.002;900.0;1.357;0;14.893
110;IÇARA;490.0;1.12;13.582;3.998;7.093;8.977;2.124;3.18;0;40.564
111;ILHOTA;241.0;515.0;3.917;1.242;1.656;2.213;475.0;667.0;0;10.926
112;IMARUÍ;574.0;793.0;3.226;704.0;818.0;1.892;399.0;751.0;0;9.157
113;IMBITUBA;800.0;1.591;9.415;4.003;6.188;8.778;2.292;4.004;0;37.071
114;IMBUIA;53.0;154.0;2.122;434.0;531.0;934;161.0;368.0;0;4.757
115;INDAIAL;565.0;820.0;14.044;5.735;7.292999999999999;11.021;2.576;4.01;0;46.064
116;IOMERÊ;28.0;175.0;798;311.0;248.0;621;202.0;411.0;0;2.794
117;IPIRA;44.0;127.0;1.651;311.0;338.0;872;134.0;348.0;0;3.825
118;IPORÃ DO OESTE;62.0;197.0;2.913;607.0;1.005;1.458;308.0;580.0;0;7.130
119;IPUAÇU;458.0;475.0;1.572;450.0;910.0;937;209.0;418.0;0;5.429
120;IPUMIRIM;113.0;742.0;1.840;464.0;892.0;1.335;214.0;385.0;0;5.985
121;IRACEMINHA;73.0;127.0;1.536;339.0;352.0;718;131.0;381.0;0;3.657
122;IRANI;234.0;884.0;2.212;529.0;1.265;1.444;225.0;516.0;0;7.309
123;IRATI;116.0;119.0;708;209.0;209.0;384;92.0;208.0;0;2.045
124;IRINEÓPOLIS;191.0;367.0;3.470;707.0;989.0;1.373;341.0;501.0;0;7.939
125;ITÁ;147.0;232.0;1.719;604.0;663.0;1.544;321.0;812.0;0;6.042
126;ITAIÓPOLIS;345.0;466.0;6.321;1.996;1.806;3.799;598.0;1.212;0;16.543
127;ITAJAÍ;1.195;3.261;25.468;14.300999999999998;16.871;43.572;16.246;26.87;0;147.784
128;ITAPEMA;348.0;1.167;9.139;4.346;7.071000000000001;11.318;4.176;6.699;0;44.264
129;ITAPIRANGA;127.0;97.0;4.048;1.149;1.392;2.871;809.0;1.65;0;12.143
130;ITAPOÁ;109.0;265.0;3.341;1.6019999999999999;1.8230000000000002;4.476;909.0;1.956;0;14.481
131;ITUPORANGA;188.0;347.0;7.046;1.714;2.423;3.624;977.0;2.073;0;18.392
132;JABORÁ;90.0;147.0;1.434;374.0;383.0;705;181.0;462.0;0;3.776
133;JACINTO MACHADO;271.0;1.855;2.562;668.0;1.8730000000000002;1.140;267.0;425.0;0;9.061
134;JAGUARUNA;203.0;2.424;4.039;1.182;2.738;2.427;683.0;843.0;0;14.539
135;JARAGUÁ DO SUL;517.0;1.263;18.734;12.237;10.710999999999999;38.300;9.318999999999999;23.142;0;114.223
136;JARDINÓPOLIS;65.0;78.0;532;177.0;118.0;325;88.0;215.0;0;1.598
137;JOAÇABA;346.0;1.11;4.452;1.8219999999999998;3.585;4.841;1.9040000000000001;4.093999999999999;0;22.154
138;JOINVILLE;1.6469999999999998;4.185;65.085;41.076;41.641000000000005;142.029;33.55;74.313;0;403.526
139;JOSÉ BOITEUX;75.0;129.0;1.608;586.0;527.0;847;160.0;261.0;0;4.193
140;JUPIÁ;33.0;168.0;750;150.0;287.0;425;77.0;151.0;0;2.041
141;LACERDÓPOLIS;27.0;106.0;721;148.0;163.0;408;163.0;265.0;0;2.001
142;LAGES;2.376;6.598;29.087;13.177999999999999;19.883;28.319;8.497;15.06;3;123.001
143;LAGUNA;362.0;2.231;8.315;4.4;6.893;7.851;1.858;2.64;0;34.550
144;LAJEADO GRANDE;32.0;124.0;420;123.0;127.0;305;71.0;195.0;0;1.397
145;LAURENTINO;75.0;485.0;1.700;559.0;647.0;1.422;276.0;764.0;0;5.928
146;LAURO MÜLLER;259.0;413.0;4.306;1.078;2.488;2.485;470.0;724.0;0;12.223
147;LEBON RÉGIS;779.0;667.0;2.884;927.0;1.104;1.567;441.0;574.0;0;8.943
148;LEOBERTO LEAL;75.0;82.0;1.523;324.0;280.0;484;105.0;231.0;0;3.104
149;LINDÓIA DO SUL;97.0;552.0;1.067;316.0;495.0;721;138.0;249.0;0;3.635
150;LONTRAS;135.0;350.0;3.298;1.051;1.2670000000000001;1.755;364.0;720.0;0;8.940
151;LUIZ ALVES;115.0;334.0;3.417;1.023;1.219;2.253;390.0;909.0;0;9.660
152;LUZERNA;35.0;85.0;1.415;423.0;567.0;1.295;382.0;800.0;0;5.002
153;MACIEIRA;88.0;305.0;599;154.0;194.0;243;62.0;126.0;0;1.771
154;MAFRA;182.0;492.0;10.707;4.561;3.9;11.875;2.912;5.626;0;40.255
155;MAJOR GERCINO;49.0;617.0;801;317.0;378.0;652;98.0;146.0;0;3.058
156;MAJOR VIEIRA;134.0;612.0;2.101;589.0;819.0;1.073;145.0;285.0;0;5.758
157;MARACAJÁ;78.0;365.0;1.936;607.0;796.0;1.519;279.0;629.0;0;6.209
158;MARAVILHA;302.0;623.0;5.692;1.7369999999999999;2.0069999999999997;5.001;1.153;3.1489999999999996;0;19.664
159;MAREMA;36.0;282.0;616;164.0;203.0;386;126.0;194.0;0;2.007
160;MASSARANDUBA;204.0;643.0;3.885;1.455;1.705;3.309;513.0;1.092;0;12.806
161;MATOS COSTA;122.0;145.0;943;265.0;293.0;424;83.0;179.0;0;2.454
162;MELEIRO;152.0;364.0;1.956;480.0;561.0;1.353;347.0;752.0;0;5.965
163;MIRIM DOCE;144.0;71.0;773;285.0;290.0;453;120.0;191.0;0;2.327
164;MODELO;110.0;142.0;1.046;294.0;369.0;754;190.0;424.0;0;3.329
165;MONDAÍ;117.0;388.0;2.390;604.0;776.0;2.246;298.0;841.0;0;7.660
166;MONTE CARLO;554.0;585.0;2.425;789.0;908.0;1.260;239.0;413.0;0;7.173
167;MONTE CASTELO;291.0;560.0;2.413;832.0;904.0;1.592;209.0;410.0;0;7.211
168;MORRO DA FUMAÇA;223.0;574.0;5.070;1.3219999999999998;2.4019999999999997;2.272;533.0;787.0;0;13.183
169;MORRO GRANDE;98.0;250.0;939;212.0;279.0;632;104.0;253.0;0;2.767
170;NAVEGANTES;974.0;2.7;12.952;5.59;8.072000000000001;15.739;3.969;6.005;0;56.001
171;NOVA ERECHIM;68.0;294.0;1.205;337.0;512.0;835;199.0;360.0;0;3.810
172;NOVA ITABERABA;84.0;244.0;1.533;365.0;401.0;847;151.0;347.0;0;3.972
173;NOVA TRENTO;116.0;877.0;3.174;1.119;1.1179999999999999;2.322;608.0;1.0979999999999999;0;10.432
174;NOVA VENEZA;96.0;1.016;3.854;923.0;2.378;2.238;585.0;824.0;0;11.914
175;NOVO HORIZONTE;35.0;318.0;762;237.0;278.0;479;101.0;197.0;0;2.407
176;ORLEANS;302.0;611.0;6.577;1.4140000000000001;2.964;3.878;1.13;1.9480000000000002;0;18.824
177;OTACÍLIO COSTA;365.0;841.0;3.430;1.3090000000000002;1.6780000000000002;3.490;908.0;1.433;0;13.454
178;OURO;94.0;239.0;2.164;554.0;649.0;1.145;339.0;616.0;0;5.800
179;OURO VERDE;93.0;165.0;621;161.0;237.0;398;102.0;208.0;0;1.985
180;PAIAL;93.0;162.0;597;167.0;219.0;422;68.0;180.0;0;1.908
181;PAINEL;72.0;201.0;900;271.0;241.0;474;108.0;234.0;0;2.501
182;PALHOÇA;982.0;3.897;26.875;13.469000000000001;15.942;38.791;11.123;15.505999999999998;0;126.585
183;PALMA SOLA;304.0;281.0;2.135;465.0;614.0;1.230;185.0;545.0;1;5.760
184;PALMEIRA;103.0;234.0;923;294.0;320.0;642;112.0;253.0;0;2.881
185;PALMITOS;201.0;381.0;4.673;1.13;898.0;2.626;776.0;1.385;0;12.070
186;PAPANDUVA;234.0;550.0;5.377;1.3519999999999999;1.325;3.290;533.0;1.124;0;13.785
187;PARAÍSO;135.0;200.0;1.546;304.0;372.0;779;140.0;233.0;0;3.709
188;PASSO DE TORRES;182.0;232.0;2.265;603.0;1.38;1.124;235.0;327.0;1;6.349
189;PASSOS MAIA;89.0;385.0;1.035;280.0;340.0;657;134.0;293.0;0;3.213
190;PAULO LOPES;121.0;486.0;2.211;672.0;815.0;1.296;263.0;393.0;0;6.257
191;PEDRAS GRANDES;29.0;167.0;1.842;368.0;433.0;831;155.0;363.0;0;4.188
192;PENHA;225.0;706.0;4.580;2.019;2.467;5.870;1.591;2.438;0;19.896
193;PERITIBA;24.0;139.0;1.057;210.0;283.0;644;106.0;273.0;0;2.736
194;PESCARIA BRAVA;68.0;357.0;2.107;856.0;790.0;2.223;384.0;580.0;0;7.365
195;PETROLÂNDIA;77.0;115.0;2.405;527.0;483.0;1.055;179.0;371.0;0;5.212
196;PINHALZINHO;181.0;505.0;4.112;1.22;1.382;3.608;1.008;2.351;0;14.367
197;PINHEIRO PRETO;26.0;19.0;1.004;240.0;296.0;613;175.0;331.0;0;2.704
198;PIRATUBA;54.0;129.0;1.750;456.0;495.0;1.333;258.0;643.0;0;5.118
199;PLANALTO ALEGRE;156.0;375.0;676;261.0;327.0;586;135.0;251.0;0;2.767
200;POMERODE;47.0;590.0;7.395;3.181;3.812;5.578;1.4869999999999999;2.467;0;24.557
201;PONTE ALTA;373.0;98.0;1.629;305.0;551.0;743;193.0;240.0;0;4.132
202;PONTE ALTA DO NORTE;192.0;165.0;881;280.0;494.0;364;98.0;142.0;0;2.616
203;PONTE SERRADA;237.0;918.0;2.322;652.0;871.0;1.593;397.0;816.0;0;7.806
204;PORTO BELO;218.0;547.0;3.828;1.4069999999999998;2.285;3.598;1.156;1.713;0;14.752
205;PORTO UNIÃO;358.0;1.435;6.532;2.488;3.4989999999999997;5.626;2.008;3.562;2;25.510
206;POUSO REDONDO;322.0;1.511;3.699;1.272;2.1390000000000002;1.709;377.0;406.0;0;11.435
207;PRAIA GRANDE;251.0;296.0;2.471;516.0;1.3359999999999999;841;195.0;204.0;0;6.110
208;PRESIDENTE CASTELLO BRANCO;18.0;139.0;612;118.0;156.0;357;58.0;174.0;0;1.632
209;PRESIDENTE GETÚLIO;63.0;204.0;4.754;1.724;1.6780000000000002;2.883;650.0;1.121;0;13.077
210;PRESIDENTE NEREU;59.0;236.0;800;202.0;284.0;464;60.0;141.0;0;2.246
211;PRINCESA;80.0;323.0;811;252.0;231.0;525;94.0;213.0;0;2.529
212;QUILOMBO;225.0;292.0;2.761;545.0;696.0;1.787;582.0;1.136;0;8.024
213;RANCHO QUEIMADO;20.0;267.0;931;291.0;324.0;623;179.0;437.0;0;3.072
214;RIO DAS ANTAS;210.0;590.0;1.876;526.0;575.0;839;227.0;443.0;0;5.286
215;RIO DO CAMPO;228.0;178.0;1.935;561.0;556.0;1.081;232.0;413.0;0;5.184
216;RIO DO OESTE;81.0;204.0;2.371;652.0;823.0;1.206;220.0;383.0;0;5.940
217;RIO DO SUL;627.0;2.293;12.090;5.1739999999999995;8.406;10.841;3.695;6.702999999999999;0;49.829
218;RIO DOS CEDROS;49.0;285.0;3.262;973.0;795.0;2.236;305.0;757.0;0;8.662
219;RIO FORTUNA;23.0;61.0;1.497;506.0;404.0;1.185;174.0;477.0;0;4.327
220;RIO NEGRINHO;766.0;3.923;7.065;3.8680000000000003;4.898;6.962;1.431;2.5610000000000004;2;31.476
221;RIO RUFINO;91.0;179.0;843;212.0;284.0;412;102.0;167.0;0;2.290
222;RIQUEZA;146.0;305.0;1.610;326.0;422.0;773;150.0;344.0;0;4.076
223;RODEIO;102.0;450.0;3.533;1.04;1.026;2.223;421.0;1.0270000000000001;0;9.822
224;ROMELÂNDIA;74.0;129.0;1.805;346.0;359.0;737;114.0;241.0;0;3.805
225;SALETE;198.0;126.0;2.061;545.0;960.0;1.524;214.0;376.0;0;6.004
226;SALTINHO;263.0;257.0;1.133;280.0;393.0;629;81.0;218.0;0;3.254
227;SALTO VELOSO;98.0;161.0;1.180;326.0;628.0;690;153.0;239.0;0;3.475
228;SANGÃO;155.0;862.0;3.399;735.0;1.545;1.023;222.0;314.0;0;8.255
229;SANTA CECÍLIA;581.0;769.0;4.696;1.4869999999999999;1.7009999999999998;2.321;568.0;816.0;0;12.939
230;SANTA HELENA;58.0;156.0;820;185.0;258.0;501;81.0;216.0;0;2.275
231;SANTA ROSA DE LIMA;26.0;148.0;665;174.0;170.0;518;82.0;211.0;0;1.994
232;SANTA ROSA DO SUL;268.0;577.0;2.896;633.0;1.476;864;204.0;270.0;0;7.188
233;SANTA TEREZINHA;151.0;214.0;2.989;601.0;740.0;1.346;138.0;284.0;1;6.464
234;SANTA TEREZINHA DO PROGRESSO;124.0;191.0;975;214.0;232.0;473;53.0;146.0;0;2.408
235;SANTIAGO DO SUL;55.0;81.0;532;111.0;131.0;292;76.0;162.0;0;1.440
236;SANTO AMARO DA IMPERATRIZ;254.0;238.0;4.900;1.7209999999999999;2.134;5.094;1.5019999999999998;2.093;0;17.936
237;SÃO BENTO DO SUL;436.0;1.9380000000000002;15.577;7.917000000000001;10.444;16.008;2.986;6.364;2;61.672
238;SÃO BERNARDINO;157.0;195.0;818;200.0;281.0;483;80.0;209.0;0;2.423
239;SÃO BONIFÁCIO;16.0;28.0;1.158;337.0;289.0;539;109.0;231.0;0;2.707
240;SÃO CARLOS;296.0;1.02;2.061;743.0;720.0;1.759;493.0;1.11;0;8.202
241;SÃO CRISTÓVÃO DO SUL;281.0;224.0;1.268;316.0;590.0;469;132.0;191.0;0;3.471
242;SÃO DOMINGOS;118.0;306.0;2.473;633.0;788.0;1.595;402.0;792.0;0;7.107
243;SÃO FRANCISCO DO SUL;510.0;1.031;7.689;5.747000000000001;6.0089999999999995;10.278;2.029;4.093;0;37.386
244;SÃO JOÃO BATISTA;254.0;1.176;7.102;2.572;4.327;4.268;1.225;1.084;0;22.008
245;SÃO JOÃO DO ITAPERIÚ;90.0;280.0;1.127;433.0;510.0;892;112.0;213.0;0;3.657
246;SÃO JOÃO DO OESTE;10.0;54.0;1.862;603.0;367.0;1.298;252.0;653.0;0;5.099
247;SÃO JOÃO DO SUL;228.0;286.0;2.822;484.0;1.5090000000000001;767;124.0;177.0;0;6.397
248;SÃO JOAQUIM;706.0;1.669;6.304;2.2030000000000003;3.2560000000000002;3.135;642.0;1.082;0;18.997
249;SÃO JOSÉ;804.0;2.021;26.680;14.889000000000001;18.447;57.437;19.102999999999998;31.436;0;170.817
250;SÃO JOSÉ DO CEDRO;304.0;1.0959999999999999;3.581;1.0979999999999999;1.035;2.444;548.0;1.264;0;11.370
251;SÃO JOSÉ DO CERRITO;323.0;783.0;2.729;677.0;669.0;1.200;251.0;534.0;0;7.166
252;SÃO LOURENÇO DO OESTE;349.0;2.1519999999999997;4.597;1.669;3.02;3.959;882.0;2.04;0;18.668
253;SÃO LUDGERO;95.0;213.0;3.065;965.0;1.403;1.877;500.0;720.0;0;8.838
254;SÃO MARTINHO;11.0;79.0;1.282;440.0;299.0;724;133.0;289.0;0;3.257
255;SÃO MIGUEL DA BOA VISTA;50.0;86.0;727;141.0;162.0;320;43.0;166.0;0;1.695
256;SÃO MIGUEL DO OESTE;583.0;1.25;7.699;2.701;4.993;7.538;1.825;4.34;1;30.930
257;SÃO PEDRO DE ALCÂNTARA;35.0;138.0;1.108;397.0;375.0;1.043;272.0;512.0;0;3.880
258;SAUDADES;47.0;302.0;2.553;742.0;893.0;1.774;314.0;796.0;0;7.421
259;SCHROEDER;115.0;279.0;3.401;1.3;1.507;4.497;768.0;1.463;0;13.330
260;SEARA;401.0;1.088;4.191;1.306;1.5519999999999998;3.597;702.0;1.5090000000000001;0;14.346
261;SERRA ALTA;110.0;164.0;905;213.0;254.0;655;132.0;337.0;0;2.770
262;SIDERÓPOLIS;88.0;274.0;3.639;1.136;2.367;2.331;492.0;595.0;0;10.922
263;SOMBRIO;629.0;1.063;7.418;2.009;3.38;4.573;1.077;2.069;0;22.218
264;SUL BRASIL;144.0;199.0;822;192.0;260.0;543;66.0;180.0;0;2.406
265;TAIÓ;402.0;413.0;4.882;1.409;1.735;3.072;777.0;1.479;0;14.169
266;TANGARÁ;68.0;108.0;2.652;541.0;665.0;1.332;411.0;722.0;0;6.499
267;TIGRINHOS;43.0;108.0;811;183.0;221.0;391;58.0;158.0;0;1.973
268;TIJUCAS;882.0;1.101;7.900;2.6069999999999998;5.002;6.740;2.009;2.707;0;28.948
269;TIMBÉ DO SUL;174.0;609.0;1.414;355.0;486.0;919;151.0;376.0;0;4.484
270;TIMBÓ;129.0;258.0;9.301;3.556;4.887;8.171;2.109;4.191;0;32.602
271;TIMBÓ GRANDE;319.0;568.0;1.801;693.0;945.0;1.059;143.0;173.0;0;5.701
272;TRÊS BARRAS;498.0;1.338;3.947;1.587;2.472;3.612;454.0;788.0;0;14.696
273;TREVISO;36.0;65.0;1.409;436.0;454.0;1.040;174.0;438.0;0;4.052
274;TREZE DE MAIO;56.0;456.0;2.702;589.0;669.0;1.235;267.0;554.0;0;6.528
275;TREZE TÍLIAS;92.0;132.0;1.737;499.0;683.0;1.413;436.0;913.0;0;5.905
276;TROMBUDO CENTRAL;99.0;140.0;1.563;479.0;589.0;1.371;268.0;588.0;0;5.097
277;TUBARÃO;524.0;3.1260000000000003;18.276;8.301;13.25;17.963;6.7170000000000005;10.337;0;78.494
278;TUNÁPOLIS;35.0;68.0;1.501;404.0;348.0;1.044;159.0;384.0;0;3.943
279;TURVO;167.0;608.0;2.669;774.0;996.0;2.303;669.0;1.403;0;9.589
280;UNIÃO DO OESTE;122.0;165.0;931;206.0;213.0;482;97.0;253.0;0;2.469
281;URUBICI;226.0;604.0;2.836;784.0;1.018;1.505;385.0;931.0;0;8.289
282;URUPEMA;80.0;468.0;676;187.0;392.0;291;82.0;127.0;0;2.303
283;URUSSANGA;130.0;622.0;5.480;1.569;2.74;4.045;891.0;1.786;0;17.263
284;VARGEÃO;57.0;259.0;831;247.0;295.0;697;149.0;299.0;0;2.834
285;VARGEM;86.0;250.0;1.098;237.0;356.0;358;66.0;150.0;0;2.601
286;VARGEM BONITA;106.0;254.0;1.293;337.0;537.0;906;267.0;388.0;0;4.088
287;VIDAL RAMOS;88.0;85.0;2.182;539.0;510.0;1.195;227.0;460.0;0;5.286
288;VIDEIRA;535.0;2.693;9.486;3.8089999999999997;6.269;7.776;2.6839999999999997;4.462;0;37.714
289;VITOR MEIRELES;98.0;154.0;1.993;478.0;618.0;797;102.0;256.0;0;4.496
290;WITMARSUM;36.0;114.0;1.385;402.0;407.0;720;120.0;232.0;0;3.416
291;XANXERÊ;996.0;2.215;7.813;3.18;4.334;8.903;2.687;5.559;0;35.687
292;XAVANTINA;95.0;173.0;1.222;385.0;334.0;855;132.0;329.0;0;3.525
293;XAXIM;448.0;1.126;6.937;1.95;3.582;4.300;1.146;2.485;0;21.974
294;ZORTÉA;42.0;107.0;959;311.0;314.0;740;122.0;279.0;0;2.874
295;TOTAL;76.935;201.82299999999998;1.290.902;514.482;698.201;1.318.749;375.339;729.4810000000001;19;5.205.931
